stadt,stadtteil,lat,lon
Berlin,Mitte,52.5200,13.4050
Berlin,Kreuzberg,52.4986,13.4031
Berlin,Prenzlauer Berg,52.5390,13.4244
Berlin,Neukölln,52.4737,13.4406
Berlin,Charlottenburg,52.5166,13.3042
München,Altstadt-Lehel,48.1374,11.5755
München,Schwabing,48.1642,11.5831
München,Sendling,48.1212,11.5508
München,Maxvorstadt,48.1495,11.5679
München,Haidhausen,48.1288,11.6050
Hamburg,Altona,53.5500,9.9350
Hamburg,Eimsbüttel,53.5769,9.9564
Hamburg,Mitte,53.5511,9.9937
Hamburg,Wandsbek,53.5744,10.0865
Hamburg,Harburg,53.4606,9.9828
Köln,Innenstadt,50.9375,6.9603
Köln,Ehrenfeld,50.9529,6.9120
Köln,Nippes,50.9764,6.9511
Köln,Deutz,50.9361,6.9931
Köln,Sülz,50.9192,6.9536
Frankfurt,Innenstadt,50.1109,8.6821
Frankfurt,Sachsenhausen,50.1029,8.6830
Frankfurt,Bornheim,50.1251,8.6703
Frankfurt,Nordend,50.1300,8.6862
Frankfurt,Westend,50.1212,8.6581
